<?xml version="1.0" encoding="UTF-8"?>
<project-private xmlns="http://www.netbeans.org/ns/project-private/1">
    <editor-bookmarks xmlns="http://www.netbeans.org/ns/editor-bookmarks/2" lastBookmarkId="0"/>
    <open-files xmlns="http://www.netbeans.org/ns/projectui-open-files/2">
        <group>
            <file>file:/C:/Users/marina%20sousa/Documents/NetBeansProjects/SistemaRestaurante2/src/visual/AbrirConta.java</file>
            <file>file:/C:/Users/marina%20sousa/Documents/NetBeansProjects/SistemaRestaurante2/src/visual/HomeGacom.java</file>
            <file>file:/C:/Users/marina%20sousa/Documents/NetBeansProjects/SistemaRestaurante2/src/visual/FecharConta.java</file>
            <file>file:/C:/Users/marina%20sousa/Documents/NetBeansProjects/SistemaRestaurante2/src/visual/Produtos.java</file>
            <file>file:/C:/Users/marina%20sousa/Documents/NetBeansProjects/SistemaRestaurante2/src/controle/Sessao.java</file>
            <file>file:/C:/Users/marina%20sousa/Documents/NetBeansProjects/SistemaRestaurante2/src/visual/CancelarConta.java</file>
            <file>file:/C:/Users/marina%20sousa/Documents/NetBeansProjects/SistemaRestaurante2/src/visual/HomeGerente.java</file>
            <file>file:/C:/Users/marina%20sousa/Documents/NetBeansProjects/SistemaRestaurante2/src/visual/Associar.java</file>
        </group>
    </open-files>
</project-private>
